Max_Amplitude,RMS_Ratio,Power_Ratio,Label
0.00014783177,0.2772669,0.14682667,0
2.79226e-05,0.740692,0.1855987,0
4.1107494e-05,1.531353,0.14685845,0
0.35784152,0.016298307,0.558018,0
0.00017545224,1.00562,0.12240476,0
4.776208e-05,0.78887105,0.1622623,1
0.00030354416,0.27112013,0.33033183,0
4.5861503e-05,1.3389225,0.081315495,0
0.00024363995,1.0367123,0.14226718,0
8.180253e-05,0.76223534,0.26187113,0
0.00019643307,1.024881,0.05771351,0
0.000104024,0.4379157,0.49615395,0
0.0029389483,0.1671391,0.3623288,0
1.22074325e-05,1.1401018,0.2303711,1
0.00045947748,7.324399,0.5319314,0
1.9638332e-05,1.1489977,0.2806924,0
0.00018987656,0.985847,0.10417487,0
2.6609476e-05,0.947217,0.32602212,0
0.0006197488,0.69364905,0.08069096,0
0.00030579566,0.9683574,0.35075572,0
0.000107956366,0.38588724,1.1245441,0
7.944266e-05,0.5649154,0.16544266,0
4.1831358e-05,0.87283295,0.1474413,0
5.623626e-05,1.1375871,0.074212015,0
0.00018341473,0.9685996,1.3465098,0
0.00059375766,0.67875797,0.59152824,0
4.0975538e-05,1.0113288,0.120476715,0
0.0001835823,1.0378312,0.19328329,0
1.9279814e-05,0.80121565,0.4546273,0
1.5183836e-05,0.84485996,0.47873074,0
9.498341e-05,0.6588837,0.6931534,0
4.1754225e-05,1.0366389,0.27750137,0
0.00030841827,0.909827,0.3854576,0
3.4228135e-05,1.0183636,0.16463797,0
0.00016233922,1.0102687,0.08968641,0
1.5131114e-05,1.1108534,0.3867264,0
4.557409e-05,1.0592867,0.09270155,0
0.0001995802,0.992486,0.22456595,0
2.699472e-05,1.0540848,0.18243419,0
3.6024678e-05,1.0067384,0.14178824,0
2.2275675e-05,0.9570812,0.23937862,0
2.6105423e-05,0.7284227,0.16341229,1
0.00027274725,1.706692,0.18762313,0
0.00026842725,1.373097,0.5062283,0
5.926562e-05,1.3730965,0.18431343,0
3.153368e-05,2.2873864,0.13963051,1
8.664094e-05,0.8019571,0.092820115,0
9.043051e-05,0.8231271,0.12315686,0
0.00010344134,0.7535583,0.078320175,0
3.289641e-05,0.99536645,0.11599861,0
0.0031169653,0.5053202,0.1538506,0
0.0002824545,0.9675132,0.1716237,0
0.00018017292,0.9397088,0.15683429,0
0.00074130355,0.63717985,0.39090583,0
0.00028717518,0.88036066,0.06818162,0
3.6882964e-05,0.9440832,0.11959501,0
3.5527122e-05,1.8977718,0.10291936,0
4.289009e-05,0.8260098,0.16321477,0
9.257514e-05,0.8071873,0.24231344,0
5.228867e-05,0.72891504,0.16130547,0
3.8724305e-05,1.653251,0.19009247,0
0.00015997887,0.98104924,0.1509891,0
0.000103904866,0.593352,0.50422984,0
0.0001835823,1.0378312,0.19328329,0
2.5406975e-05,0.932438,0.43540886,0
6.622207e-05,0.83115274,0.13855717,0
8.851211e-05,0.5254154,0.12116866,0
3.9223407e-05,1.2379819,0.191494,0
7.1755734e-05,1.0001438,0.47253928,0
0.00023336645,4.843716,0.36920655,0
0.00042001376,3.7813776,0.53902024,0
0.00013293303,0.79049087,0.30603623,0
0.00011287971,0.5988439,0.17295569,0
4.0619172e-05,1.8392413,0.19821733,0
0.00014476776,0.9960256,0.31493506,0
0.00017150732,2.4297624,0.23393327,0
0.0002772093,0.998963,0.19887502,0
6.813974e-05,0.5733731,0.41684663,0
0.00020403863,1.0076835,0.09527678,0
0.00014660359,1.0448183,0.28471446,0
4.2465785e-05,0.56239253,0.11302673,0
3.40128e-05,0.93117,0.12529947,0
0.000587467,3.95409,0.13301188,0
0.008436918,0.23374754,0.30653515,0
0.00016559698,0.759867,0.5728,0
0.00021584035,1.0754522,0.09571861,0
0.00017125606,0.91557956,0.07581737,0
4.1665335e-05,1.0931902,0.15088443,0
8.769463e-05,0.72273564,0.29503417,0
9.254679e-05,0.73552275,0.075379305,0
2.664825e-05,0.9842393,0.20018062,0
3.919743e-05,0.7662148,0.103809774,0
2.9763656e-05,0.9196556,0.13563548,0
0.007073182,0.047483522,0.98927826,0
0.0003751271,4.8058214,0.32392308,0
4.6940466e-05,0.9753232,0.19028814,0
0.00011962824,0.49063626,0.07551639,0
0.00047452538,2.1442866,0.11118018,0
0.002361393,0.3266614,0.084209144,0
0.00017813464,0.39669496,0.3232114,0
0.00022983483,0.26766092,1.2487822,0
4.884784e-05,0.76401955,0.07041231,0
0.00017676354,0.8055821,0.09102342,0
1.725462e-05,0.98410904,0.28436732,0
2.4568255e-05,1.0472996,0.25408238,0
4.7055255e-05,1.0433401,0.22947808,0
3.3447628e-05,1.1589203,0.20353447,0
6.531461e-05,2.0034394,0.04768459,0
0.0128746275,0.06911986,0.18598722,0
6.424857e-05,1.2847028,0.20345975,1
0.008606076,0.13894477,0.6156647,0
2.1496713e-05,0.9673811,0.48153672,0
0.0011702061,1.5802757,0.2914918,0
2.8446095e-05,0.9263274,0.1735444,0
2.4814039e-05,1.3413086,0.15317531,0
2.172801e-05,0.8855177,0.15113771,0
4.743319e-05,1.6652948,0.08731261,0
4.4829518e-05,1.0757606,0.1863499,1
0.0011041164,0.77045673,0.0787602,0
0.00019407272,0.9718632,0.15794607,0
6.813686e-05,0.5623341,0.26213154,0
0.0003587576,0.7765693,0.25601906,0
3.5537105e-05,1.1022471,0.12865637,1
4.743319e-05,1.6652948,0.08731261,0
4.825068e-05,0.6256203,0.09948258,1
0.0001644373,1.1339743,0.05745452,1
3.7633068e-05,0.76131004,0.09569196,0
3.0258792e-05,0.8582704,0.1306767,0
4.0878556e-05,0.61711127,0.1559461,0
4.910985e-05,0.6141769,0.16537744,0
4.1976346e-05,0.729965,0.092090905,0
3.2526325e-05,1.7734104,0.24986574,0
3.898319e-05,1.3463851,0.3033055,0
7.138433e-05,0.8778991,0.0957924,0
0.00019459725,0.8307429,0.14705275,0
1.8366873e-05,1.0033485,0.3610067,0
8.7511595e-05,0.5327369,0.14035407,0
0.00015945434,0.8080921,0.049935155,0
3.613974e-05,1.1578819,0.33252624,0
0.00017886162,1.020114,0.12735522,0
0.0002446743,0.21228628,0.57732785,0
0.00069682597,1.3366952,0.7634742,0
2.404983e-05,0.9098676,0.19492924,0
3.0916843e-05,1.0378338,0.15942182,0
4.4884575e-05,0.85253865,0.13496444,0
3.2818207e-05,1.1089888,0.1432261,0
5.5037213e-05,0.9669967,0.13316439,0
0.0023293972,0.7220355,1.0410035,0
0.00046539246,0.21795812,0.2942393,0
1.4478891e-05,1.1892192,0.3550018,0
0.0001982689,1.0198085,0.11935137,0
0.00034513473,1.0258404,0.15508655,0
9.693405e-05,0.42672208,0.41774863,0
1.4606594e-05,0.8879492,0.22635931,0
7.551322e-05,0.38876936,0.083118066,0
4.7161757e-05,1.098473,0.34876868,0
5.6175937e-05,1.6704816,0.34923172,0
2.3744526e-05,0.99252146,0.33488625,0
0.00010288558,0.62273884,0.13554868,0
3.8534497e-05,0.6779392,0.23683347,1
3.47283e-05,0.7278468,0.18118592,0
4.230994e-05,1.0912963,0.16227315,0
0.00019328594,1.0480797,0.1714269,0
0.0001995802,1.0629598,0.096343346,0
6.9911264e-05,1.099646,0.109618545,0
9.114786e-05,0.59619415,0.28448123,0
0.00043640137,0.9103721,0.19995476,0
3.5537105e-05,1.1022471,0.12865637,1
0.00012268024,0.6389585,0.065991804,0
0.0001272223,0.5298629,0.18318933,0
4.1831358e-05,0.87283295,0.1474413,0
0.0005860666,5.0805483,0.41673055,0
2.8015198e-05,1.3216509,0.13911977,0
0.00022255236,0.42636997,0.5467994,0
0.00035011768,0.8983267,0.40896878,0
0.0001969576,1.1411058,0.051946875,0
0.00047637481,5.2129354,0.15269606,0
3.495958e-05,1.0249184,0.22208594,0
3.840568e-05,0.98473483,0.32814655,0
8.719402e-05,1.5016288,0.097595274,0
0.00011267153,2.9765732,0.11595954,0
4.884784e-05,0.76401955,0.07041231,0
4.4734013e-05,0.68508446,0.09855954,0
4.1806703e-05,1.1891772,0.11813208,0
0.00010905834,1.0526932,0.18215662,0
0.0009273529,0.605656,0.17799757,0
0.00013181393,0.299085,0.040756855,0
4.7111884e-05,1.319294,0.09675897,0
0.0001961708,0.9903203,0.046786558,0
3.3260632e-05,1.2575836,0.21258976,0
0.00031283632,0.492657,0.6264421,0
0.00019559202,2.7733505,0.16923629,0
5.5732173e-05,0.5593028,0.08854879,0
0.00029478074,0.99950325,0.124351926,0
9.449799e-05,2.1716084,0.28045523,0
0.00031785967,0.9810435,0.31678194,0
2.7577204e-05,0.73690075,0.16257735,0
3.5951703e-05,0.5985286,0.37999502,0
0.0039378405,0.245969,0.84178585,0
2.3435856e-05,1.0673177,0.1524356,0
1.4394413e-05,1.4152788,0.32883406,0
0.0001969576,1.0186149,0.14293562,0
0.00025373488,3.257846,0.28417632,0
1.9696805e-05,0.88015324,0.2370818,0
3.8192225e-05,1.0821545,0.11872482,1
0.00022568821,0.59403306,0.15984271,0
0.00017728806,1.0113568,0.0861503,0
1.8705705e-05,0.95458,0.21744934,0
0.00017780915,1.8628709,0.15428494,0
5.3540985e-05,0.87706816,0.14712374,0
1.8910023e-05,1.3172352,0.26078543,0
0.00027694702,0.9946619,0.06947772,0
3.0046096e-05,1.4355474,0.16090979,0
0.00043336154,0.29194614,0.09054433,0
0.00014398099,0.99008125,0.07456995,0
1.4606594e-05,1.262201,0.26382393,0
9.9742654e-05,0.362105,0.13638787,0
5.0718827e-05,0.88297814,0.11910829,0
0.00023446084,1.0125071,0.047371525,0
0.00026094913,0.9970985,0.05948857,0
0.00023419858,1.0043392,0.17093047,0
0.00018410683,1.066769,0.19954349,0
2.2985561e-05,0.7847369,0.32856312,0
4.1107494e-05,1.531353,0.14685845,0
3.4297642e-05,0.86757267,0.15547793,0
7.8989884e-05,1.0580914,0.2306621,0
4.6051402e-05,1.1867458,0.13954014,0
0.00023446084,0.9506186,0.058221903,0
0.00041758944,7.2363944,0.3238152,0
4.0434777e-05,0.5930599,0.11394829,0
0.0029331208,0.225819,0.39943016,0
6.2739e-05,0.98639446,0.30032742,0
3.6512673e-05,0.67384094,0.11183313,0
9.502552e-05,0.929852,0.08468147,0
4.1689993e-05,1.0575635,0.15140207,0
0.00026488304,0.922369,0.635113,0
3.0264353e-05,1.1374422,0.2778822,0
3.990894e-05,0.6027788,0.125321,0
0.0005441946,5.5722103,0.13015686,0
0.00033895436,0.2753291,0.05573262,0
5.5037213e-05,0.9669967,0.13316439,0
0.00020115376,0.937349,0.13449784,0
0.0143891815,0.06453902,0.68981516,0
0.0001405716,1.0207723,0.11821116,0
9.536079e-05,0.80764735,0.10160145,0
0.00018908978,0.9770824,0.31105334,0
2.7461505e-05,1.1861873,0.13227347,1
4.0619172e-05,1.8392413,0.19821733,0
0.00017361641,1.0252339,0.14431584,0
0.00046787263,1.137578,0.28560355,0
3.6363228e-05,0.9405624,0.15154818,0
3.9992607e-05,1.0715898,0.10952964,0
4.4829518e-05,0.68111056,0.13132092,1
0.0003125344,0.49240693,0.41986808,0
0.00011529413,0.3886362,0.2212623,0
0.0003099749,2.531088,0.29036602,0
0.00052400527,0.970406,0.15588005,0
0.00028769972,1.083719,0.16333285,0
0.00016732216,1.0040979,0.08040147,0
1.9909772e-05,1.027661,0.39548448,0
3.925355e-05,1.0863695,0.16677132,0
1.9472838e-05,0.87299955,0.27454066,0
3.9632007e-05,1.6083647,0.1360626,0
0.00015892983,1.0027541,0.07622728,0
0.0008045054,5.1050673,0.32865027,0
0.00036113264,0.85198396,0.07474794,0
2.5409372e-05,1.8454524,0.16858359,0
9.220504e-05,1.1230199,0.22183473,0
6.360573e-05,0.7066893,0.09158437,0
0.00035404635,3.0223455,1.3240591,0
3.197931e-05,0.86381716,0.12700139,0
1.8678464e-05,0.9516173,0.23330697,0
4.3686763e-05,1.0048727,0.08571876,0
6.8576686e-05,0.5115208,0.34342283,0
0.00010759023,1.0339185,0.44385168,0
3.6547557e-05,1.0487393,0.4259846,0
7.642529e-05,1.0188389,0.47003677,0
2.9790173e-05,1.0594476,0.28743502,0
5.5497214e-05,0.8760789,0.07672235,0
0.00022318364,0.966264,0.106236205,0
4.1925727e-05,2.0866947,0.10016351,0
0.0008646727,0.7185753,0.06797008,0
3.7984228e-05,0.57975584,0.23256887,0
0.00018035178,0.45915374,0.13808125,0
0.0005958557,0.86713916,0.58597594,0
5.592438e-05,1.016123,0.11761193,0
0.0005983315,0.38505578,0.17503265,0
0.031255152,0.035976917,0.35371247,0
0.00033827772,7.080237,0.28324676,0
0.0001644373,0.86316335,0.11571331,1
5.423519e-05,1.680835,0.09815929,0
5.045601e-05,0.8545544,0.12842819,0
0.23583665,0.010725376,0.5761306,0
0.00046525002,0.7794176,0.19858193,0
2.5356137e-05,0.74971765,0.20971324,0
2.2232347e-05,0.8715339,0.20479807,0
1.4250483e-05,1.0368749,0.38325903,0
4.2366017e-05,1.6366656,0.19083895,0
0.0019501686,0.9959611,0.34497848,0
0.0001969576,1.1411058,0.051946875,0
3.4054e-05,0.6956814,0.12998159,0
7.374844e-05,1.0903325,0.12462785,0
3.8496408e-05,1.3474026,0.17033872,0
4.3314136e-05,1.4725593,0.14376195,0
0.0001670599,1.0113372,0.13548683,0
0.0007776022,1.4890369,0.41529647,0
0.00017912388,1.1788064,0.118182145,1
5.1317526e-05,0.8744011,0.1282317,0
0.00049829483,0.7636921,0.24346814,0
0.00018069745,0.84594905,0.050800197,0
2.9826326e-05,0.832272,0.4868856,0
0.00036046494,5.9973183,0.18818045,0
0.00010416383,0.49002102,0.13514413,0
0.03197217,0.033848584,0.32835016,0
2.3811142e-05,1.6731505,0.30410632,0
4.549223e-05,0.80751455,0.4573421,0
0.0003362179,0.97636795,0.26492432,0
6.8182475e-05,2.7282784,0.14333229,1
2.9035069e-05,1.3297043,0.16691555,0
5.5351113e-05,1.6431755,0.14488594,0
5.4674743e-05,0.85393554,0.123920426,0
0.03821659,0.030045522,1.6130651,0
0.00049661164,4.37516,0.36603504,0
0.005040115,0.12351536,0.33495867,0
2.7575592e-05,1.0628815,0.25524247,0
0.0035087345,0.76501006,0.51482475,0
0.00022082329,1.0468825,0.2791004,0
0.00012534842,0.588802,0.1334965,0
0.00020980835,0.97892416,0.07783323,0
2.5189316e-05,0.80353785,0.23275387,0
3.1923933e-05,1.3237681,0.33010063,0
0.0003995772,3.8041391,0.15860808,0
3.0409377e-05,1.1877095,0.21521987,1
3.3086748e-05,0.93835825,0.20389794,0
2.269681e-05,0.8081661,0.30099612,0
0.000120373355,1.1735256,0.38914186,0
1.8647761e-05,0.96909136,0.2970204,0
0.00017545224,1.00562,0.12240476,0
5.057224e-05,0.6619036,0.091533884,0
3.4883233e-05,0.973729,0.11909132,0
0.00028769972,0.8956253,0.07809442,0
3.8114573e-05,1.2688619,0.10154265,1
0.00031051636,1.0717337,0.247316,0
3.0289775e-05,0.93674916,0.15663865,0
5.101727e-05,1.2009664,0.12645477,0
3.4023044e-05,0.94321954,0.15976697,0
3.394042e-05,1.0594518,0.16208772,0
6.897369e-05,1.0506417,0.06306756,0
4.668651e-05,0.6301135,0.17559013,0
3.534928e-05,1.1787426,0.14303379,0
0.005212164,2.461765,0.07510665,0
0.00077745056,8.143538,0.3592378,0
0.00095203274,0.576855,0.12710965,0
4.937236e-05,1.2018257,0.090467475,0
2.718015e-05,1.115721,0.2778087,0
4.8916576e-05,0.9104609,0.14474496,0
0.00010570354,0.57344186,0.14791724,0
0.00063628575,0.2609319,0.19479345,0
6.993673e-05,0.8438809,0.21130852,0
6.787244e-05,0.7793729,0.11851921,0
0.010820044,0.04806154,0.19109875,0
5.356036e-05,1.1827627,0.08080564,0
3.7990285e-05,0.86333793,0.09923298,0
0.00016917576,0.99305344,0.21000175,0
0.0016326968,0.19976439,0.11845955,0
0.0004559083,5.1757784,0.12119039,0
6.5931e-05,0.61741376,0.6191369,0
0.0002433777,1.0044445,0.15409748,0
5.3324387e-05,0.67617494,0.43574706,0
0.0022114508,15.027541,0.42784107,0
1.3058465e-05,0.7966178,0.29617685,0
0.0055633183,0.18995996,0.23604262,0
0.00037267208,0.8527053,0.023491198,0
3.792133e-05,1.2311982,0.15898308,0
0.001393086,13.760376,0.3757737,0
0.0005501322,0.13601623,0.38636464,0
3.0693373e-05,0.9162587,0.12290771,0
5.2423027e-05,0.5841266,0.23350483,0
4.9995986e-05,0.7362823,0.09435628,0
4.2442167e-05,0.71105695,0.114394106,0
6.4525266e-05,0.62519765,0.0816296,0
5.612293e-05,0.80740803,0.17046659,0
0.00069367886,0.6444865,0.072980486,0
0.00022172049,0.40131775,0.08304979,0
0.00014660359,0.91511995,0.10239608,1
3.4384444e-05,1.8971941,0.25337666,0
3.4408837e-05,1.4881322,0.1873821,0
0.00014450551,0.8427272,0.077314645,1
0.00038814545,0.9495186,0.09965062,0
0.0001594465,2.4241734,0.1766925,0
0.00028009416,0.9735942,0.31898466,0
3.371357e-05,1.413412,0.19964617,0
0.0009882897,0.29835588,0.04597474,0
0.00014319421,0.97756803,0.10853841,0
5.336239e-05,0.9680428,0.156866,0
4.0017017e-05,0.9423326,0.19108735,0
6.5800356e-05,0.78877974,0.16044813,0
3.818149e-05,1.0341127,0.13949756,0
0.00021584035,1.0925596,0.03247484,0
4.3661363e-05,0.7065868,0.11417181,0
5.8008423e-05,0.953883,0.09000195,0
2.0442156e-05,1.35355,0.26243874,0
0.00014712811,0.75717014,0.12657276,0
3.5811656e-05,1.2207286,0.12265631,0
0.0011146069,1.888009,0.20084935,0
0.00032100678,1.0820884,0.08732346,0
0.0011490898,0.17732494,0.1224526,0
2.9842331e-05,1.0830605,0.14082041,0
4.009517e-05,1.245351,0.1519351,1
5.908673e-05,1.329087,0.119189374,0
0.006249142,0.33401862,0.5512655,0
4.8006495e-05,0.6680216,0.13487758,0
0.000395177,2.1108148,0.2946217,0
4.8168833e-05,0.54297584,0.21762946,0
3.598395e-05,0.82894313,0.12511876,0
3.0946463e-05,1.6651803,0.18049541,0
0.0002108574,0.93253404,0.09668516,0
0.0002677228,0.49420854,1.1442134,0
5.306262e-05,0.73460686,0.38612744,0
1.7990295e-05,1.1807736,0.36312428,0
3.341459e-05,0.8714565,0.23399483,0
0.0001982689,1.0198085,0.11935137,0
5.5196404e-05,1.038822,0.18421702,0
7.460074e-05,1.339021,0.14881626,0
0.00014848112,0.6392561,0.4752895,0
0.00055913924,1.4375287,0.21530071,0
0.0016853083,15.849322,0.71715486,0
3.4697317e-05,1.0444617,0.16878088,0
0.00026803018,0.96896154,1.2478145,0
0.00029215813,1.0636294,0.09450805,0
0.00016679765,1.0087197,0.07214879,0
0.00020246506,0.93657434,0.05507454,0
0.0003102667,3.408012,0.3787232,0
4.3918117e-05,1.2651935,0.115318395,0
2.9966148e-05,0.87139404,0.1549051,0
0.0004673507,0.38733736,0.2806003,0
1.22074325e-05,1.1381463,0.25963783,1
7.054387e-05,0.9512798,0.40229443,0
0.00016784668,1.0088761,0.15351255,0
0.0002420664,0.9450415,0.15407676,0
0.0016466103,3.51634,0.08715939,0
1.7019658e-05,0.9094734,0.3667368,1
3.680327e-05,0.9248929,0.17674987,1
4.5329616e-05,0.6884957,0.12938789,0
0.00010541091,0.6781564,0.16125892,0
3.8393093e-05,0.88306785,0.15193932,0
0.00020477924,2.513423,0.36330304,0
1.8501682e-05,0.7602724,0.2680012,0
6.614425e-05,0.68760115,0.24899383,0
0.00017414094,0.9647514,0.07658196,1
0.00019249917,0.9931168,0.17241892,0
1.6456841e-05,1.1681117,0.24806726,0
0.00049361715,2.2427495,0.351124,0
9.797769e-05,0.6859944,0.122544855,0
5.868289e-05,1.3310155,0.68666947,0
3.2482258e-05,1.0142251,0.10205514,1
4.3952256e-05,0.55382043,0.25832462,0
3.0742445e-05,0.88570225,0.18831126,1
0.00056385994,0.7555903,0.18004292,0
2.3016495e-05,1.3889438,0.18171974,1
0.00014559655,0.7099994,0.28021422,0
0.00027003064,0.8140258,0.11729192,0
0.00045137297,5.6638703,0.40321156,0
3.2885117e-05,1.2273022,0.12284455,0
0.00034670832,0.9061656,0.12295715,0
0.0004123445,4.254546,0.24978958,0
3.190238e-05,0.91781694,0.13231829,0
8.2961546e-05,0.96755403,0.061210554,0
4.7382055e-05,0.98836887,0.17411487,0
0.0051794425,0.064440854,0.71644765,0
0.00051665306,1.197123,0.21412085,0
3.2741365e-05,1.2247036,0.14158998,0
0.000101330326,0.40891692,0.12912773,0
7.67715e-05,0.6443098,0.3273531,0
8.449009e-05,1.0528309,0.17638479,0
9.80639e-05,0.7066187,0.12685598,0
4.8169113e-05,0.700638,0.06414427,0
1.5354557e-05,1.059898,0.2819072,1
2.831628e-05,1.3234111,0.16686994,0
5.634639e-05,0.42675617,0.08073309,0
6.437398e-05,0.5628087,0.09189878,0
0.000263834,1.0872473,0.25854406,0
0.00016758443,0.86362046,0.0744549,1
0.0011917114,0.41285223,0.16713217,0
2.4851288e-05,1.1849927,0.23409651,0
9.871299e-05,0.41334242,0.06829377,0
4.7789053e-05,0.672098,0.11185016,0
3.3915283e-05,1.0784385,0.10898913,0
0.00030744873,3.6519518,0.0642368,0
1.8930717e-05,0.9218975,0.31224164,0
4.505398e-05,0.7555174,0.14500415,0
0.0016312599,0.2884003,0.14428668,0
7.323309e-05,2.5438707,0.15668444,0
0.00014817715,0.99358106,0.12830254,0
0.010498285,14.2693615,0.87423575,0
5.2058404e-05,1.6698484,0.13935558,1
0.0002985526,2.742781,0.55119854,0
0.00027355444,0.8755289,0.21185765,0
3.7029582e-05,1.1491606,0.1897483,0
2.258616e-05,1.2216132,0.24300782,0
0.00077748235,4.5805793,0.20990467,0
7.573662e-05,0.7075424,0.12526126,0
0.00018856526,0.8902665,0.12590681,0
0.0004946232,0.7514773,0.068997726,0
4.4927594e-05,1.1370748,0.10259412,0
7.2787225e-05,2.0511897,0.2211291,0
4.041879e-05,0.8952763,0.17834844,1
0.00026278498,1.100348,0.09020282,0
2.7352187e-05,1.2034767,0.11147983,0
0.004166532,0.17142706,1.2031436,0
3.6424313e-05,0.8650072,0.1152081,0
2.674845e-05,1.0508565,0.33606905,0
0.00012737015,0.21532679,0.20194836,0
0.00010570354,0.57344186,0.14791724,0
7.3083545e-05,1.0594141,0.21202092,0
6.1444785e-05,1.7925885,0.1472676,0
3.2482258e-05,1.2641909,0.14278238,1
0.00020744801,0.9405481,0.15589587,0
0.00013547824,0.48150316,0.15230945,0
0.00016939426,0.4051192,0.24299496,0
0.00020902157,1.0078335,0.1169843,0
1.9416464e-05,1.006027,0.4847985,0
3.95171e-05,1.1444665,0.1786721,0
0.0005418681,0.68503845,0.06468532,0
0.0033825317,0.19005395,0.55066454,0
0.0025323955,0.09163767,1.7856683,0
0.0024073808,0.19078407,0.13375561,0
2.331784e-05,1.0166205,0.15702835,0
0.000182271,0.99857384,0.08634081,0
2.3081033e-05,0.99056864,0.31132948,0
7.980823e-05,0.5200321,0.14035389,0
0.00016758443,1.1324816,0.1449836,1
0.0004274845,0.8938622,0.026943762,0
0.00014898095,1.7848924,0.08863104,0
6.125513e-05,0.725222,0.11318103,0
5.049564e-05,1.8284875,0.14554077,0
6.334347e-05,0.6403909,0.095225886,0
0.0002463134,0.75488955,0.121551275,0
1.4805393e-05,1.228092,0.3447426,0
2.4351975e-05,0.8022138,0.34057632,0
3.8963804e-05,0.88270706,0.17305493,0
0.00014398099,0.99008125,0.07456995,0
0.0040165894,0.2877655,0.21202847,0
0.0010511399,2.1197205,0.16731192,0
5.1823165e-05,1.0476977,0.17919083,0
0.00019013882,1.0058534,0.09153057,0
5.5643235e-05,1.3347771,0.12318178,0
0.0013915539,0.41564226,0.4332318,0
0.00016784668,1.0765545,0.19100685,0
2.2777052e-05,1.1162637,0.20138521,0
0.00021898774,0.44079214,0.15841594,0
3.8347996e-05,0.72571117,0.15421431,1
2.8409342e-05,1.2283869,0.1284516,0
1.9935433e-05,0.78099895,0.31236765,0
3.9503757e-05,1.4516397,0.15222585,0
0.00034697057,0.85690707,0.18477568,0
0.000345397,0.9229198,0.09729209,0
7.191733e-05,0.90997773,0.17522384,0
0.0070590735,0.16878487,0.82186216,0
1.4451593e-05,0.93334824,0.29353824,1
2.4831053e-05,1.1583276,0.24542044,0
5.4942775e-05,0.8086432,0.2081153,0
0.00012968908,2.277236,0.08605835,0
6.2973704e-05,1.2591825,0.1405116,0
5.057224e-05,0.6619036,0.091533884,0
0.0015066862,0.30594814,0.22843677,0
9.987507e-05,0.51435703,0.29007226,0
4.435503e-05,1.0151571,0.19584915,0
4.7891655e-05,0.8124666,0.10469278,0
3.9991566e-05,0.94627917,0.15470304,0
0.0011227726,5.5855784,0.07702253,0
0.0002651883,2.4840944,0.21291216,0
2.8640956e-05,0.4710653,0.2093148,0
0.00019587732,2.901576,0.08089937,0
0.00015788079,0.97749674,0.13972789,0
0.0019124032,0.69122285,0.5318351,0
1.6847094e-05,0.9029967,0.22119656,1
0.00015747534,2.9898984,0.33055276,0
0.0048943046,0.27202192,0.27376178,0
0.00014450551,1.0121765,0.15695721,0
0.0012142658,2.1080976,0.2363712,0
2.360766e-05,0.8082835,0.3507336,0
1.8945175e-05,0.7790867,0.25200623,1
9.62554e-05,0.6315625,0.3095653,0
3.3717748e-05,1.2351253,0.19408217,0
3.3410906e-05,1.431805,0.2541945,0
0.00020639897,0.9968188,0.14778166,0
8.32124e-05,2.3775935,0.14172795,0
3.925959e-05,1.2198948,0.2309228,0
2.140072e-05,1.2653439,0.16637684,0
7.037181e-05,0.54581827,0.12564483,1
0.0001371929,1.9148153,0.16640763,0
3.2479125e-05,1.1735567,0.1766876,0
4.6376073e-05,1.0274134,0.09281124,1
0.00040912628,0.9733854,1.1504743,0
5.0991526e-05,1.0835207,0.14519072,1
3.2672702e-05,0.8049377,0.20293032,0
3.9183313e-05,1.3753235,0.10671019,0
0.0001732999,0.44250092,0.18004003,0
0.00017518997,0.98441243,0.17338565,0
3.793415e-05,1.1665055,0.14361233,0
0.25833127,0.4453084,0.048131283,0
5.2642506e-05,0.85810727,0.25733203,0
0.0028098526,8.02468,0.6026315,0
3.4324974e-05,1.1852193,0.21508668,0
3.371252e-05,0.8914062,0.13366716,0
0.00020298435,1.6776202,1.2178829,0
3.919743e-05,0.7662148,0.103809774,0
4.0222345e-05,0.97595876,0.13553603,0
2.289479e-05,0.95138097,0.23573339,0
6.104426e-05,1.1794401,0.21219277,0
4.2645894e-05,1.1319652,0.10953309,0
3.0742445e-05,0.7776284,0.16530827,1
6.384992e-05,1.5204558,0.1042069,0
5.6337132e-05,0.99839455,0.08600052,0
8.945987e-05,0.5129962,0.23971528,0
3.6649064e-05,1.3067625,0.12304358,0
4.750143e-05,0.6566312,0.45713487,0
3.3566706e-05,1.2659302,0.154501,0
0.00013401509,0.9650611,0.14424188,0
6.298654e-05,0.79147637,0.14187753,0
1.4451593e-05,0.7262947,0.41585517,1
3.4660086e-05,1.8062847,0.23810844,0
0.00072068564,0.52583635,0.17433394,0
0.0004074809,4.549508,0.1585522,0
0.00019669533,1.0067091,0.21067898,0
0.00022239686,0.97257006,0.20854801,0
0.00095632614,5.261505,0.05053153,0
0.00017162715,0.38598615,0.34894934,0
0.00014139662,0.887749,0.6995095,0
0.0001505375,1.0137328,0.16413292,0
4.0045772e-05,0.82443655,0.09409441,0
0.00039335314,0.90210015,0.11390406,0
0.00015971661,0.9307306,0.13658927,0
0.0066544926,0.15957811,0.38110957,0
4.7697777e-05,1.1349486,0.12876087,0
3.9807466e-05,0.80338115,0.16905788,0
0.00034933092,1.2608212,0.17276667,0
2.9057657e-05,0.9765258,0.10811094,0
6.714126e-05,0.58092433,0.27511466,0
4.589817e-05,1.657756,0.10179854,0
4.2979522e-05,1.2463312,0.11256964,0
7.078698e-05,0.44616207,0.08017121,0
0.001329955,5.271885,0.28456932,0
5.7777368e-05,0.54294294,0.14935763,0
9.873555e-05,0.49723008,0.31089306,0
5.4978933e-05,0.65430063,0.08396563,0
0.00037438096,0.19824697,0.3810556,0
3.164012e-05,1.1266445,0.14547916,0
0.0004196167,1.2842919,0.1478955,0
7.7874334e-05,1.4282826,0.21194938,0
6.298654e-05,0.79147637,0.14187753,0
4.1737447e-05,1.4489827,0.1154135,0
2.0745849e-05,0.99143815,0.20054756,0
9.752052e-05,0.7806415,0.14507535,0
2.8340914e-05,1.1603879,0.248132,0
4.7732203e-05,1.292517,0.09628281,0
0.00014025507,0.34704602,0.27089897,0
5.3421063e-05,1.0141987,0.1445776,0
3.2482258e-05,1.2641909,0.14278238,1
6.636079e-05,0.4967596,0.22433667,0
1.7860983e-05,1.0211351,0.24056849,0
0.00016994476,0.850905,0.18364574,1
1.674113e-05,1.074967,0.46070537,0
9.4760246e-05,0.9275722,0.18344803,0
0.00022003651,0.9804264,0.24491762,0
9.62554e-05,0.6315625,0.3095653,0
0.0012845934,0.6759457,0.19130635,0
0.0004588034,0.17079781,0.29721028,0
0.00025278155,0.3432601,0.16088153,0
0.0002600714,0.312842,0.2846124,0
0.00019171239,0.9896992,0.14000908,0
8.341088e-05,0.7048261,0.21994868,0
3.7223967e-05,0.5485334,0.19357629,0
4.3686763e-05,1.0048727,0.08571876,0
3.3873603e-05,0.8644539,0.19592105,0
0.0010493331,3.7979624,0.1800138,0
4.7409907e-05,0.97064906,0.13643794,0
3.5635654e-05,0.7919248,0.27863154,0
0.00010804029,0.98716843,0.1621857,0
0.00017466546,0.9283291,0.17206194,0
2.5417006e-05,1.3618515,0.14731278,0
4.4601293e-05,1.283806,0.10452108,1
2.4640167e-05,0.7525408,0.21775934,0
0.00019287216,0.3044983,0.55829686,0
0.000101934886,0.41974875,0.088045135,0
0.0002259161,1.3880935,0.21011057,0
4.7732203e-05,1.292517,0.09628281,0
3.2441352e-05,1.2817125,0.35778984,0
1.7394403e-05,1.3009039,0.21643351,0
0.00018515588,1.0504329,0.16345495,0
3.7990285e-05,0.86333793,0.09923298,0
4.523442e-05,0.45608637,0.28413054,0
5.05719e-05,0.63640904,0.15979247,0
0.0002849641,0.3380207,0.19037233,0
7.637881e-05,0.6796279,0.20885202,0
4.3918117e-05,1.2651935,0.115318395,0
3.2384974e-05,0.8645118,0.20828141,0
4.0931256e-05,1.223797,0.087155536,0
6.897369e-05,1.0506417,0.06306756,0
4.528553e-05,1.6894417,0.09781431,0
3.6743484e-05,1.2381433,0.13768877,0
7.7253826e-05,0.54270333,0.10884182,0
0.010157085,0.16977248,0.15152067,0
3.932623e-05,1.2553886,0.13234712,0
0.0054057124,0.3409719,0.1791706,0
0.00021043519,0.3964102,0.26687166,0
4.8024893e-05,0.84923244,0.11312586,0
2.1057935e-05,1.305634,0.23161857,0
0.00016784668,1.0108175,0.31188044,0
0.0003086341,4.1859818,0.109771594,0
0.00015525818,0.944523,0.07868086,0
0.00021247212,3.6094003,0.43187577,0
0.000452137,1.1859637,0.17111602,0
5.0055794e-05,0.6913712,0.12641925,0
4.3007913e-05,1.2625289,0.24097641,0
3.255833e-05,0.892922,0.13008134,0
7.924017e-05,1.5423933,0.092320405,0
4.2321502e-05,0.8178595,0.28934443,0
0.00024669868,0.16564183,0.1825527,0
4.7160174e-05,1.7641772,0.14939216,0
0.014484963,0.72748595,0.08839749,0
2.09373e-05,0.9927934,0.3086997,0
4.475942e-05,0.7991468,0.16310939,0
0.00041542054,0.94658375,0.28778136,0
4.627011e-05,0.6855784,0.09622095,0
0.01797297,0.10289015,0.17576754,0
0.00018515588,1.0504329,0.16345495,0
3.0628595e-05,1.0348519,0.33860385,0
3.8158076e-05,1.5654756,0.14114809,0
0.0005237341,0.8505569,0.107099414,0
0.00022790433,0.9899262,0.175139,0
0.0002147913,0.972475,0.08137875,0
0.0005958557,0.86713916,0.58597594,0
0.00021917891,3.1244192,0.3266578,0
4.764044e-05,1.0736353,0.13186553,0
0.00010503741,0.7170391,0.23439708,0
3.6469675e-05,0.85209894,0.10927738,0
0.00017309189,1.0547625,0.11315402,0
0.008927608,0.18119274,0.03238231,0
2.56391e-05,1.1956334,0.3373729,0
5.654861e-05,1.3461102,0.16276018,0
0.0013836861,1.105929,0.23497382,0
0.00030527115,1.0514455,0.07761792,0
3.007707e-05,1.0695306,0.17787316,0
0.00016958601,0.5849176,0.16276948,0
0.00019643307,1.024881,0.05771351,0
0.00011368623,0.35336816,0.45261976,0
2.5960358e-05,1.0830606,0.12908451,0
2.5076299e-05,0.98396343,0.16061798,0
0.004064205,0.21885122,0.3370518,0
0.0039291773,0.081141315,1.2288517,0
0.00021033287,0.90856534,0.12207225,0
2.6142356e-05,0.8173458,0.3800877,0
3.2482258e-05,1.0142251,0.10205514,1
0.00019145012,1.1007843,0.07275649,1
0.00020167828,0.94036746,0.040048704,0
0.00022003651,0.9804264,0.24491762,0
3.422999e-05,0.8056645,0.10890416,0
2.6405425e-05,1.3147687,0.23305917,0
0.00047138223,4.452958,0.50760293,0
2.6105423e-05,0.7284227,0.16341229,1
7.224225e-05,0.70215863,0.124000974,0
0.00034224987,1.1489843,0.12261819,0
0.00020115376,0.937349,0.13449784,0
8.434322e-05,0.5348959,0.104119286,0
0.00021557808,0.9502941,0.035304572,0
3.9459243e-05,0.86473864,0.19399387,0
3.1856507e-05,1.0274656,0.24067196,0
4.1946994e-05,0.8603324,0.12229611,0
0.00025439262,1.2181599,0.038995367,0
3.8556464e-05,1.3700362,0.15836522,0
0.00014871813,0.25090984,0.13486737,0
0.00012943315,0.5368293,0.10745201,0
2.4059504e-05,1.1322106,0.2051132,0
0.00019590855,0.9242714,0.22417,0
0.00022187234,0.9504451,0.29455793,0
3.513687e-05,1.064522,0.13157836,0
0.0002247572,0.9965214,0.24967378,0
2.7029611e-05,0.7820851,0.29707623,0
1.9831088e-05,1.1036365,0.19000353,0
0.0007651683,4.5454016,0.13825369,0
0.0001052131,0.87472224,0.105444565,0
5.049564e-05,1.8284875,0.14554077,0
4.4884575e-05,0.85253865,0.13496444,0
3.673348e-05,1.0282639,0.13462354,1
5.3540985e-05,0.87706816,0.14712374,0
0.0011757682,0.99878937,0.11611155,0
5.113206e-05,0.5751522,0.39970595,0
4.4590313e-05,1.0662302,0.16367175,0
4.7076537e-05,1.3083403,0.23223752,0
0.00025649072,0.97016543,0.074183345,0
3.51401e-05,0.8795854,0.25945964,0
5.124932e-05,1.166617,0.1302504,0
0.00018436908,1.0173892,0.06499072,0
4.8981685e-05,1.2813224,0.36815557,0
0.00019013882,1.0058534,0.09153057,0
5.5643235e-05,1.3347771,0.12318178,0
6.779462e-05,1.1919522,0.20962752,0
0.0011917114,0.41285223,0.16713217,0
0.00013296604,0.9993969,0.2599167,0
0.0005344868,0.7836807,0.15125646,0
0.00028846445,0.6159262,0.4590322,0
0.0016107725,3.2315507,0.0562284,0
0.00011391465,0.7814575,0.12735301,0
4.9929702e-05,0.6166815,0.7746253,0
2.7003407e-05,0.9102418,0.17162336,0
0.00028711982,4.134065,0.86570674,0
0.005148732,0.043706175,0.12345429,0
9.55008e-05,1.4556385,0.29710636,0
4.5433964e-05,0.89686805,0.11068146,0
4.1827636e-05,0.8810079,0.12233545,0
0.011520577,0.07411666,0.2785194,0
0.0009079457,1.1188896,0.14065616,0
5.412326e-05,0.9909442,0.318781,0
3.0863852e-05,1.011429,0.13832147,0
3.467635e-05,0.8868297,0.21869549,0
5.677968e-05,0.9768566,0.077351026,0
0.0022335623,0.1400265,0.21417296,0
0.0002777338,1.0167218,0.20087515,0
0.0002724886,0.98380905,0.14285177,0
3.6649064e-05,1.3067625,0.12304358,0
1.8836046e-05,0.94317484,0.3187802,0
5.580722e-05,0.66114426,0.11697441,0
0.00017545224,1.0183538,0.09164924,0
4.8419337e-05,1.2847192,0.16379875,0
4.2120104e-05,1.0509619,0.15789215,0
4.5405963e-05,1.0563077,0.0965069,0
3.379356e-05,1.2011323,0.15307446,0
2.363071e-05,1.4464327,0.23316777,0
3.6847854e-05,0.97197384,0.11539059,0
3.2475928e-05,0.9409939,0.35305637,0
7.580535e-05,0.9673187,0.2267323,0
2.4883826e-05,0.9455771,0.25855914,0
0.00498596,0.14080045,0.14385225,0
0.0007739306,0.7523454,0.39048374,0
0.00039409037,6.0116067,0.53871495,0
0.0022114508,15.027541,0.42784107,0
2.6234768e-05,1.1986202,0.21864396,0
0.00039636155,5.1705337,0.2482556,0
0.00030395985,0.89058137,0.20405443,0
4.955491e-05,1.9369794,0.17094891,0
0.00023288728,0.9647141,0.24769935,0
6.0840248e-05,0.60582477,0.05857832,0
0.0019519519,0.3803023,0.31200933,0
6.394269e-05,0.80353975,0.06336972,0
0.0001990599,0.34786144,0.63273674,0
0.00032126904,1.162847,0.17623891,0
0.00017650127,0.94094217,0.20807561,0
5.919949e-05,0.64464676,0.8547333,0
0.00089666847,1.874202,0.23892102,0
0.00017886162,1.020114,0.12735522,0
7.68074e-05,1.0799258,0.11438802,0
4.7277954e-05,0.8782349,0.49811572,0
0.0006138329,3.4913886,0.19172089,0
0.00023891927,1.0703028,0.14479372,0
0.0019501686,0.9959611,0.34497848,0
0.0002108574,0.9745806,0.13077322,0
3.3141314e-05,1.1135422,0.15760982,0
4.1202213e-05,1.2914504,0.11276602,0
3.3958313e-05,0.74758834,0.14836794,0
0.00015243028,0.48043627,0.4716659,0
0.00017046928,1.0225807,0.11744148,0
0.00037682682,5.7704554,0.30677295,0
0.0003439564,0.3916879,0.099163294,0
4.2904278e-05,0.8367896,0.12787372,0
0.00013978481,0.9777851,0.2845641,0
5.5342774e-05,1.3564978,0.29316038,0
9.009742e-05,0.89494574,0.09750339,0
7.9253514e-05,0.867733,0.11152101,0
0.00011608562,1.4127134,0.15091744,0
4.5830013e-05,0.44617632,0.21919131,0
6.0827442e-05,1.7193223,0.22457282,0
0.00016994476,1.0199604,0.06027307,1
3.850613e-05,1.223704,0.22675082,0
0.00017230511,1.0660921,0.07202425,1
0.00016469955,1.0402104,0.050992947,0
0.00014975072,1.00249,0.12583898,0
1.8150538e-05,0.99763346,0.34029347,0
3.8940678e-05,1.076834,0.12207456,0
1.261577e-05,0.9907247,0.33565688,0
6.026528e-05,0.7316747,0.30779168,0
0.00031895802,2.4769242,0.12199009,0
4.8221016e-05,0.5245489,0.121324435,0
0.000169185,4.33758,0.113399014,0
3.4849407e-05,0.6668979,0.12804724,0
2.9718558e-05,1.0066442,0.15975492,0
0.00021898746,0.91726714,0.35410556,0
3.8030357e-05,0.6733504,0.13363786,0
4.836556e-05,0.6592121,0.4246706,0
3.6876405e-05,1.0499238,0.20425749,0
4.6401474e-05,1.1065869,0.11497414,0
0.00024395832,3.112901,0.12867004,0
0.0001644373,0.86150014,0.16340432,0
4.0331986e-05,1.348656,0.18930769,0
7.051324e-05,0.5966294,0.24936822,0
0.00017623902,0.9865776,0.15603217,0
5.46758e-05,1.1135186,0.29783237,0
4.6569356e-05,1.4423572,0.11991478,0
0.00069682597,1.3366952,0.7634742,0
9.235791e-05,0.48614028,0.21387017,0
0.00025308132,0.9623317,0.12977695,0
0.00018699169,0.9588465,0.14387622,0
0.00016863346,0.9042815,0.10669411,0
5.6927303e-05,0.82374984,0.16379476,0
4.3588487e-05,0.70785886,0.17821373,0
3.619616e-05,1.0638722,0.29533464,0
7.916465e-05,0.92990476,0.108894825,0
2.6624657e-05,1.3279685,0.226383,0
0.008559444,0.08037337,0.60729325,0
0.0017120362,2.3026912,0.13493581,0
3.1133153e-05,1.4438806,0.19137987,0
2.6118527e-05,0.92413455,0.4899364,0
2.7054015e-05,0.86662376,0.15922618,0
4.2714826e-05,0.77143115,0.13165602,0
3.0315703e-05,1.2343153,0.14848858,0
0.00011962824,0.49063626,0.07551639,0
1.7918923e-05,0.8273255,0.23114052,0
3.6712285e-05,0.77966535,0.19010475,0
0.011520577,0.07411666,0.2785194,0
2.0150517e-05,0.94483364,0.30685493,0
3.5272205e-05,0.96390694,0.12636591,0
0.00032782555,0.876347,0.15643351,0
4.069153e-05,0.80360687,0.31377858,0
0.0002473208,2.0626767,0.34231964,0
0.00044243337,0.64374584,0.039401773,0
4.1663458e-05,1.4053491,0.06657459,0
0.00021298724,0.7399007,0.26253486,0
0.00017518997,0.98441243,0.17338565,0
0.00016181469,0.7873362,0.32069293,0
0.0002018298,1.520442,0.8856203,0
6.1588195e-05,0.6186674,0.28699657,0
0.013482565,0.021126794,0.36539817,0
3.1087027e-05,1.1156964,0.17666005,0
4.1172294e-05,0.8148692,0.13474834,0
0.000110818146,0.5782916,0.17387317,0
0.00030946312,3.346438,0.35857546,0
0.00022895337,1.1488501,0.13232657,0
0.00017230511,0.99694693,0.0829962,0
3.1436437e-05,0.687394,0.14224847,0
4.4754204e-05,1.3873366,0.07170784,0
3.253577e-05,0.6403067,0.12368041,0
0.0004931501,8.497773,0.04944098,0
8.5251624e-05,0.8757629,0.14719826,0
2.4569088e-05,1.1798704,0.25486702,0
8.3105646e-05,2.7691324,0.23448656,0
4.4290824e-05,0.86555475,0.15722558,0
0.020136619,0.11620835,0.10620262,0
7.3034316e-05,2.567898,0.10013211,0
2.08762e-05,1.0521848,0.25356084,0
0.00020902157,0.8931993,0.16281241,0
3.8894024e-05,0.57813394,0.23663203,0
0.001998958,0.59517115,0.2030568,0
4.411823e-05,1.3701763,0.13235056,0
0.0006279226,6.233488,0.18778709,0
2.8470731e-05,0.98642325,0.35144407,0
0.0009053231,0.6899361,0.13090743,0
0.0002703905,1.0489677,0.16718143,0
0.0002740535,1.6898507,0.2703962,0
0.00015709401,1.021473,0.13627402,0
2.1158663e-05,1.2042154,0.1957434,0
4.0676357e-05,1.3118546,0.14969684,0
4.1965097e-05,0.7883304,0.07574753,0
2.6001264e-05,0.9537128,0.18618606,0
3.5392266e-05,0.633969,0.23287277,0
0.00025360586,0.9917605,0.046027545,0
7.67715e-05,0.6443098,0.3273531,0
4.1925727e-05,2.0866947,0.10016351,0
0.00011796786,1.1618859,0.21950324,0
4.1663458e-05,1.4053491,0.06657459,0
3.7436097e-05,1.2263556,0.12693344,0
0.0002362295,2.2358232,0.06765249,0
0.00020876143,4.233646,0.23375487,0
6.193648e-05,1.5067399,0.24483302,0
6.662705e-05,0.7104425,0.21923463,0
0.009096565,0.07133411,0.46445277,0
5.6969744e-05,0.8259661,0.08313954,0
3.9248825e-05,1.0581527,0.17039742,0
0.00032095198,0.63238305,0.056918036,0
0.00026016237,1.1652507,0.039892443,0
3.34277e-05,0.8834011,0.099893205,0
5.4846503e-05,0.86907315,0.10944414,0
0.006501756,0.36765477,0.16151491,0
7.802561e-05,0.8566792,0.15368795,0
0.00016958284,0.28550565,0.7700215,0
0.0001644373,0.99203825,0.06248673,1
4.1158426e-05,0.9899798,0.2248807,0
0.00032336713,0.9420435,0.06573664,0
0.0018622993,1.1241368,0.1015287,0
0.00020193712,1.8646674,0.20792782,0
5.6774166e-05,1.2399622,0.10239623,0
0.0018321805,0.34021848,0.10430748,0
0.00039407364,3.77552,0.07540328,0
3.0029089e-05,1.1569841,0.15752836,0
0.00026094913,0.9273414,0.10157883,0
0.0004943609,1.2296748,0.1702304,0
4.1044575e-05,1.176359,0.1577052,0
0.0005729911,0.36500016,0.4188055,0
4.5187735e-05,1.2166177,0.21579966,0
6.384992e-05,1.5204558,0.1042069,0
0.00037830128,0.35457703,0.0935932,0
0.0002803795,5.5345907,0.13791971,0
3.6106416e-05,1.0037507,0.10260582,0
7.7219986e-05,0.5596454,0.48944744,0
0.0006085376,0.14810885,0.3442742,0
0.14660306,1.4738134,0.023203662,0
4.391049e-05,0.8123122,0.13564977,1
6.446673e-05,1.7045584,0.07403578,0
0.0002018298,1.520442,0.8856203,0
0.00041620733,1.1400229,0.117962174,0
0.00028192997,0.9534408,0.1569058,0
6.2973704e-05,1.2591825,0.1405116,0
3.1484087e-05,0.96542126,0.16598845,1
3.7633068e-05,0.76131004,0.09569196,0
0.00021951199,0.9935389,0.07835263,0
4.311722e-05,0.39038947,0.17793003,0
0.0001740101,0.7819983,0.09733179,0
0.0011227726,5.5855784,0.07702253,0
1.7015725e-05,0.9675347,0.29012358,0
0.00018882751,0.99305886,0.17149036,0
0.00022056104,1.1411598,0.09343863,0
2.7577204e-05,0.73690075,0.16257735,0
0.018612886,0.039362248,1.43246,0
0.0002685547,1.0169535,0.025106162,0
0.00017440319,0.98696005,0.09402692,0
4.1443185e-05,0.9580157,0.20427223,0
1.6754755e-05,0.9941833,0.34358233,0
4.4556953e-05,0.5894253,0.25082466,0
5.5342774e-05,1.3564978,0.29316038,0
8.6731845e-05,3.16068,0.071782716,0
0.00019066334,1.0190371,0.08964828,0
0.043044806,0.45481685,0.1635789,0
3.0195897e-05,0.7944921,0.15610276,1
6.501909e-05,1.0092803,0.3481311,0
0.010178852,0.07874957,0.25556332,0
6.824176e-05,1.447304,0.15701017,0
1.9360567e-05,0.875395,0.26407978,0
4.234456e-05,1.0434443,0.080707654,0
3.8829232e-05,0.7636952,0.38257763,0
5.81064e-05,0.6808518,0.13871555,0
0.0001533314,0.5371531,0.27906808,0
0.00013868306,0.8567514,0.11845595,0
0.00023498536,1.0117806,0.1856343,0
0.0002837658,1.0072567,0.034976877,0
0.0008336195,0.11251725,0.324903,0
0.00016653538,1.0120043,0.59520984,0
0.00035402956,2.9023175,0.21916114,0
0.00021189176,2.5627837,0.14223002,0
0.00030579566,0.9683574,0.35075572,0
0.0007878304,0.5941689,0.29949665,0
3.521874e-05,0.59279275,0.15691921,1
0.0007251501,1.2682724,0.29322138,0
4.045156e-05,1.1434102,0.21611732,0
2.0188025e-05,0.9175517,0.35244384,0
4.0996023e-05,1.7642202,0.12502593,0
8.291966e-05,2.127475,0.20349899,0
0.0002008915,1.1025605,0.22535773,0
3.5482262e-05,0.95094645,0.12463786,0
6.479874e-05,0.53919446,0.32344076,0
0.00016469955,1.0402104,0.050992947,0
0.0001809597,0.9622141,0.052950818,1
3.5513694e-05,0.81021196,0.17433004,0
0.00013141289,2.929167,0.16696478,0
4.645078e-05,0.7350703,0.11421851,0
3.769443e-05,0.97812957,0.25313386,0
5.8151018e-05,0.9599289,0.16286758,0
1.33453705e-05,0.7546885,0.33904764,0
6.9585825e-05,1.3277012,0.19747005,0
0.00014450551,1.0539824,0.21184057,1
3.787539e-05,1.0017916,0.104238,0
0.00011277984,1.298371,0.12968779,0
0.00016679765,1.0087197,0.07214879,0
0.00013442972,0.5432715,0.21152568,0
9.533137e-05,2.4980738,0.064866535,0
0.00024422113,0.46786264,0.09894884,0
4.883346e-05,1.0101029,0.14611597,0
4.1539708e-05,1.0138297,0.08656847,0
1.8345918e-05,1.1252815,0.29764634,0
3.0768904e-05,1.1236594,0.13596097,0
2.9427207e-05,0.8053867,0.29953623,0
0.00016155244,1.0168258,0.16374831,0
3.4343226e-05,1.1206807,0.2588645,0
3.1756586e-05,0.999363,0.20804067,0
4.3525815e-05,0.70105207,0.20410025,0
0.00051642646,4.935309,0.1585717,0
8.997001e-05,0.7495046,0.17981036,0
4.4456294e-05,1.142272,0.09508629,0
0.0001357638,2.8085525,0.15895848,0
6.622207e-05,0.83115274,0.13855717,0
3.966689e-05,1.2691692,0.29036742,0
0.00015499593,0.9900676,0.10658292,0
6.859658e-05,0.83657974,0.109107606,0
0.00035947355,2.8010294,0.7549581,0
3.8193793e-05,0.6266501,0.3029355,0
5.611167e-05,0.44206977,0.13226253,0
0.00017195576,0.42490387,0.55163074,0
3.3288452e-05,0.9598696,0.097572535,0
3.3733995e-05,0.9343085,0.14909685,0
0.0001358509,1.0229636,0.17300321,0
4.1737447e-05,1.4489827,0.1154135,0
3.320947e-05,0.96515703,0.16888717,0
8.253568e-05,1.8094269,0.08021746,0
7.0856986e-05,0.8894533,0.12101014,0
0.0010489848,0.23466802,0.08806204,0
6.556252e-05,0.71050435,0.110118926,0
3.053785e-05,1.1514958,0.25577077,0
4.3968794e-05,1.1015075,0.19131258,0
0.002059269,0.84772927,0.02817565,0
0.0002672434,1.0452067,0.0579328,0
0.00036039803,5.877478,0.4022369,0
0.00042646774,0.50346583,0.6069206,0
0.009844208,0.20617169,0.11415598,0
5.2092837e-05,0.9842185,0.14342012,0
0.000401462,0.5008376,0.055445462,0
5.050951e-05,1.0102848,0.33051798,0
3.708864e-05,1.0626104,0.3205497,0
3.1897976e-05,1.3420762,0.13138108,0
0.00017161327,0.7419576,1.184157,0
0.0003036976,0.8947371,0.039917067,0
3.5103043e-05,1.288143,0.13655004,0
7.469203e-05,0.892199,0.14451294,0
3.408783e-05,0.8086562,0.12758863,0
0.0002008915,0.98052835,0.047159277,0
0.00015420913,0.978841,0.09939308,0
0.00035090448,0.92276704,0.5412432,0
3.0728836e-05,1.7506989,0.25115624,0
0.00021967458,3.7514513,0.4776019,0
3.0191713e-05,1.3090761,0.22339883,0
4.495405e-05,1.3108284,0.19544064,0
5.159685e-05,1.0143965,0.09411259,0
2.953576e-05,1.0401497,0.18978818,0
0.00018908978,0.8955725,0.08344459,0
0.00024285317,0.93922496,0.13032849,0
3.6699446e-05,1.2215673,0.1400158,1
3.986439e-05,1.3690498,0.12673277,0
0.00019407272,1.0144644,0.07845903,0
4.1274532e-05,0.8103987,0.20748863,0
0.000233165,0.5222981,0.10719732,0
0.00018371266,0.5413025,0.29336086,0
0.00013558865,0.9478862,0.21823862,0
0.005040115,0.12351536,0.33495867,0
3.798583e-05,1.4003171,0.27172756,0
0.0021581412,0.35427368,0.0885218,0
0.00020115376,0.9815788,0.07866642,0
4.1903197e-05,0.8711629,0.14016792,0
4.2979522e-05,1.2463312,0.11256964,0
0.00045213097,0.6535973,0.19071156,0
6.919482e-05,0.7979628,0.35179654,0
4.825068e-05,0.97648466,0.08457328,1
0.00017440319,0.9267926,0.071114406,0
4.234456e-05,1.0434443,0.080707654,0
0.000458169,0.64588475,0.3104512,0
3.487144e-05,0.87544286,0.13115881,0
7.190107e-05,0.5726612,0.29761207,0
2.2774431e-05,1.1108389,0.31113318,0
4.3935186e-05,1.2994938,0.14168957,0
2.161521e-05,0.9890928,0.25285804,0
0.00021164418,0.9559363,0.26060945,0
4.4593475e-05,0.84017545,0.096783765,0
0.0004495144,1.2932281,0.058657505,0
0.00025570393,0.9348939,0.0908757,0
0.00074356294,7.434204,0.18656483,0
0.00066578307,6.220766,0.10225253,0
0.00021033287,0.99211353,0.07447131,0
0.00015473578,0.39963564,0.42686608,0
2.716941e-05,0.78761196,0.21730876,0
2.7897404e-05,0.79840684,0.16365221,0
0.00011060207,0.66877526,0.17350715,0
3.276997e-05,0.9634694,0.10077912,0
0.0020959855,0.3659408,0.12481029,0
3.4054e-05,0.6956814,0.12998159,0
8.541089e-05,1.1469373,0.14885631,0
0.00089404586,1.8037201,0.21410137,0
4.1044575e-05,1.176359,0.1577052,0
3.3965633e-05,1.0882958,0.17003693,1
0.00023419858,0.89236575,0.1615497,0
0.00026819904,0.2989112,0.35829362,0
4.009517e-05,0.97573733,0.16582854,1
0.0003592968,0.93315935,0.33796182,0
1.906688e-05,0.9033188,0.27824786,0
0.019344855,0.08146874,0.37943608,0
6.371231e-05,1.5433431,0.2223226,0
5.9212107e-05,1.0711521,0.1354022,0
6.803586e-05,0.6556915,0.122512065,0
0.0002008915,1.1233515,0.18791273,0
5.7041936e-05,0.5518441,0.07451182,1
0.00012271563,1.7158587,0.095162496,0
0.00029425623,0.85439885,0.13401724,0
9.088266e-05,0.42805827,0.19101082,0
9.017224e-05,0.51921153,0.5570483,0
0.0003102667,3.408012,0.3787232,0
4.888351e-05,1.3111619,0.16236223,0
0.00010202194,0.45346275,0.30475754,0
6.4554064e-05,1.136898,0.08916583,0
0.0011690527,9.268447,0.43890575,0
0.000162841,0.46067265,0.77585137,0
0.00031943322,0.99211156,0.073907405,0
5.587355e-05,0.91246134,0.29866722,0
0.00083893084,5.186912,0.46353468,0
0.00016994476,0.9621673,0.08390461,0
4.2457865e-05,1.364658,0.13799033,0
6.616673e-05,0.86413157,0.1553251,0
6.749326e-05,0.71655226,0.12562357,0
2.0613938e-05,0.8524021,0.26187006,0
0.00018960566,4.289564,0.30121002,0
0.00040414336,1.1699753,0.09896727,0
4.815893e-05,1.0696173,0.09869543,0
4.3649048e-05,1.4590069,0.15285562,0
0.00011984013,2.1596391,0.12094816,0
0.000229292,1.1908288,0.3785684,0
4.669155e-05,0.4985064,0.6615035,0
3.866269e-05,0.9977937,0.28284574,0
4.6978246e-05,0.63061935,0.14548098,0
0.00055390666,4.628642,0.07317705,0
5.6118497e-05,1.5353334,0.1231784,0
0.000527668,1.3174556,0.064344004,0
2.8515573e-05,0.9136318,0.1741149,0
2.324151e-05,0.79424125,0.3734928,0
0.00047272418,3.7087545,0.13853242,0
0.00031315075,0.51573974,0.070930436,0
7.386045e-05,1.0298698,0.14163867,0
0.00018672943,0.959376,0.16044655,0
3.609437e-05,1.2158905,0.20205112,0
5.0004935e-05,1.6596532,0.09506499,0
4.157247e-05,1.1535773,0.4137778,0
5.2818177e-05,0.8722426,0.16447957,0
0.00010344134,0.7535583,0.078320175,0
2.8686605e-05,1.1685449,0.42935345,0
0.00019643307,0.9846546,0.17584515,0
5.2395968e-05,0.68595695,0.16899423,0
7.224225e-05,0.70215863,0.124000974,0
8.405134e-05,1.1620014,0.35899863,0
4.345517e-05,1.593002,0.11709307,1
0.19185793,0.46282473,0.07364111,0
0.00015709401,1.0074879,0.12676762,0
0.00042485926,6.75391,0.17643443,0
0.0025293494,0.9754989,0.118347496,0
0.0001531601,0.98321503,0.11611812,0
3.7902922e-05,1.3485466,0.13429125,0
0.00018279553,1.0062096,0.060826823,0
3.6697835e-05,0.85359895,0.12362525,0
0.00019968873,0.548077,0.10417138,0
0.006135583,0.16656715,0.24875401,0
5.0055794e-05,0.6913712,0.12641925,0
3.630186e-05,0.9744098,0.22160406,0
0.00017682019,0.50644046,0.09527893,0
0.0019976378,0.40618742,0.16773862,0
4.4593475e-05,0.9945386,0.16927312,0
0.00064594747,1.1432695,0.21106745,0
3.5572422e-05,0.85780865,0.1461863,0
4.45688e-05,0.50241214,0.14500998,0
3.9511084e-05,0.69433683,0.17191143,0
0.00011685252,0.46807167,0.19729221,0
4.289009e-05,0.8260098,0.16321477,0
5.0132938e-05,0.4014211,0.11207426,0
0.00018804074,1.0497693,0.11913979,0
0.00014018032,0.795913,0.46712938,0
0.00017095266,0.6232882,0.07238084,0
2.8931532e-05,0.8278356,0.21675238,0
0.00015866756,1.0076568,0.06787599,0
0.00019287216,0.3044983,0.55829686,0
3.255144e-05,0.77397114,0.23769535,0
0.0002234459,1.0315418,0.056550205,0
0.00016222359,0.666725,0.13617282,0
5.677648e-05,1.6144252,0.09813907,0
0.00049960613,1.2220008,1.4904859,0
0.00026367925,0.45621273,0.5500263,0
3.068421e-05,1.1597648,0.29239288,0
7.767882e-05,0.55954576,0.46286905,0
3.2818207e-05,1.1089888,0.1432261,0
0.0040165894,0.2877655,0.21202847,0
4.932804e-05,0.8436318,0.28372392,0
3.3963544e-05,1.9778562,0.09015369,0
0.00017178059,0.9661843,0.12548296,1
3.800966e-05,0.94884944,0.36213425,0
2.494566e-05,1.0744612,0.23635073,0
6.184045e-05,0.986596,0.07981251,0
0.0028098526,8.02468,0.6026315,0
0.00016993194,0.29918778,0.21505073,0
4.2707292e-05,1.010484,0.1320505,0
3.223578e-05,0.7012984,0.16306517,0
2.1228934e-05,1.019573,0.27712446,0
0.00017886162,1.0290024,0.10525064,0
0.00024836065,1.1863618,0.07120413,0
5.076289e-05,0.49383372,0.1474127,0
0.00016853723,0.39492026,0.2835689,0
3.1596093e-05,0.8420474,0.13199976,0
0.00032258034,0.92022735,0.5681633,0
0.00021698695,3.2502177,0.090235725,0
1.9550458e-05,1.062766,0.38255855,0
0.00018305778,1.0544031,0.15159413,0
0.00023571338,0.56723315,0.054627586,0
0.0002234459,1.0315418,0.056550205,0
4.007259e-05,0.6906186,0.13731854,0
3.1691285e-05,0.47341183,0.19327362,0
2.8714614e-05,1.2936715,0.16626103,0
0.00020430089,0.9931772,0.062332787,0
2.774557e-05,1.0501524,0.16727194,0
4.2733765e-05,0.93736887,0.24979767,0
0.001693678,0.8211788,1.2768296,0
0.016723562,0.12194124,0.11895529,0
3.343165e-05,0.7580861,0.13995138,0
0.00015945434,1.0097758,0.113481164,0
3.992156e-05,1.1171728,0.19956897,0
0.00014866676,2.5280375,0.08012517,0
3.9308383e-05,1.1600592,0.12849998,0
8.1458595e-05,0.92734176,0.46708304,0
1.6086306e-05,0.8817946,0.38429877,0
3.1484087e-05,1.0913707,0.22210073,1
1.9360567e-05,1.0937237,0.2240062,0
1.719038e-05,1.3195155,0.31279376,0
3.0195897e-05,0.7944921,0.15610276,1
1.8777075e-05,0.765402,0.23851946,0
2.9251203e-05,0.69284827,0.16843554,0
3.980068e-05,1.4086996,0.1481895,0
0.02823601,0.048133977,0.33908457,0
0.00016548634,0.940033,0.07070746,0
2.1929172e-05,0.7600941,0.21987765,0
0.00035248062,0.27972826,0.093500495,0
3.6662426e-05,1.13197,0.15005034,0
0.00031954574,3.7923937,0.29374424,0
3.4062658e-05,1.6480167,0.2423182,0
3.276997e-05,0.9634694,0.10077912,0
4.07818e-05,1.4411329,0.17939937,1
8.209167e-05,0.5666795,0.12277176,0
0.000106340325,0.8521073,0.1525534,0
0.006249142,0.33401862,0.5512655,0
3.4037977e-05,1.1914716,0.1351187,0
5.3181917e-05,0.75074756,0.16652532,0
4.4946995e-05,0.91596615,0.08244544,0
0.00020849705,0.8777328,0.12612616,0
7.890473e-05,0.6668521,0.08381305,0
0.00015001297,0.9925283,0.15475471,0
0.00021164418,0.9559363,0.26060945,0
2.8739008e-05,1.1539134,0.22683634,0
0.00015840531,0.9824065,0.18058631,0
3.5553607e-05,1.0017813,0.12243548,0
8.624616e-05,0.9525824,0.14293092,0
8.414416e-05,0.47023776,0.5627059,0
2.9292107e-05,1.3048205,0.17939508,0
2.6001264e-05,0.9537128,0.18618606,0
9.025061e-05,0.8332293,0.28866312,0
0.00022376794,4.7180166,0.36311004,0
0.00029294493,1.0264076,0.13776588,0
7.5970005e-05,0.8197137,0.07786936,0
0.0045541525,0.19937445,0.34692228,0
2.9843422e-05,0.72101855,0.14246316,0
2.6917889e-05,1.006197,0.1818586,0
0.00034565927,0.8551835,0.119001724,0
2.9627583e-05,0.97492164,0.16064355,0
0.00016041243,0.46423382,0.156801,0
0.00012835917,0.43283656,0.10452894,0
0.0013836861,1.105929,0.23497382,0
4.131021e-05,1.4305649,0.27848074,0
0.00030678936,1.0310146,0.8136676,0
2.7822682e-05,0.90970165,0.1702331,0
0.00046000903,1.3285972,0.506174,0
5.230968e-05,0.8407729,0.36046496,0
4.3538872e-05,0.5263065,0.31804216,0
0.00086505373,5.169217,0.2338949,0
5.3735068e-05,0.8082177,0.16840279,0
6.3317035e-05,0.694929,0.06426898,0
3.5694444e-05,0.9209174,0.19986372,0
0.00017178059,1.0497899,0.17276365,1
3.9697825e-05,0.95053697,0.11729584,0
4.2782078e-05,0.8398945,0.12408433,0
0.00022278713,3.376116,0.32555434,0
4.2442167e-05,0.71105695,0.114394106,0
0.00032083786,0.17115322,0.34974328,0
3.379356e-05,1.2011323,0.15307446,0
5.7852267e-05,1.6622221,0.07387959,0
0.00012300015,1.0001771,0.06956886,0
5.3886914e-05,1.1654546,0.07107523,0
6.112447e-05,1.0392025,0.077300586,0
5.636898e-05,0.96033305,0.19663781,0
4.576262e-05,1.1083858,0.1335,0
0.00048439504,1.0918936,0.44390976,0
0.0072371843,0.10824171,0.28847605,0
2.5153662e-05,0.95840865,0.15773246,0
9.13078e-05,0.81502056,0.38979328,0
4.014735e-05,0.60653627,0.12323928,0
2.4098048e-05,0.5584436,0.28153288,0
3.489166e-05,0.60758317,0.10060423,0
3.34277e-05,0.8834011,0.099893205,0
0.0008663771,5.11454,0.07002855,0
0.00020666124,1.0197759,0.066414185,0
3.2919976e-05,0.91125727,0.17139314,0
3.8347996e-05,0.77788305,0.103519715,1
0.0037634373,0.2274599,0.39000568,0
0.00016732216,0.9766886,0.10925555,0
0.002873063,5.2243524,0.07103907,0
0.0001961708,0.9903203,0.046786558,0
0.00031681062,0.923645,0.18091683,0
3.3965633e-05,0.8693363,0.15028402,1
4.206818e-05,0.9419245,0.12849995,0
0.0001238633,0.94703925,0.30941117,0
0.000301075,0.8101698,0.12420225,0
0.00047416688,0.84698373,0.056333374,0
5.748453e-05,1.4960421,0.26971942,0
7.0198555e-05,1.0071768,0.08187315,0
3.0359786e-05,0.71179676,0.14941166,0
0.00016758443,1.0313736,0.1456458,1
3.3963544e-05,1.9778562,0.09015369,0
0.000108587585,0.53912413,0.05262545,0
3.7157857e-05,1.0091944,0.18933125,0
1.541881e-05,1.0247823,0.26390818,0
2.3039313e-05,1.0305021,0.21596925,0
2.751136e-05,0.8340186,0.29557398,0
4.1938332e-05,0.5882975,0.13825679,0
0.0036467314,0.25257534,1.1883423,0
0.00010136681,0.7808049,0.14658812,0
0.00015168016,0.5794875,0.19504906,0
3.1006522e-05,1.1633701,0.14599974,0
3.065324e-05,1.1533576,0.13547179,0
3.986439e-05,1.3690498,0.12673277,0
2.613893e-05,1.1249448,0.17110132,0
4.937236e-05,1.2018257,0.090467475,0
7.890473e-05,0.6668521,0.08381305,0
4.2887154e-05,0.9736072,0.13851206,0
0.00017466546,0.90861845,0.09008161,0
0.00018049,0.7271595,0.10586236,0
1.1484902e-05,0.7461238,0.3218773,0
0.011099911,0.12615404,0.017273458,0
3.9852574e-05,0.6939773,0.15166163,0
6.502852e-05,0.90192837,0.2913187,0
2.8889815e-05,1.3923743,0.20396976,0
5.5866716e-05,0.74627525,0.10624334,1
4.459711e-05,1.1389722,0.10223739,0
2.5523696e-05,0.76395786,0.1921731,0
0.0010653019,1.8692088,0.2634106,0
3.1852323e-05,0.6300012,0.25932482,0
9.256617e-05,2.127711,0.07516133,0
4.6323104e-05,0.64830446,0.16263822,0
0.011252808,0.08044726,2.5215144,0
0.00013952256,0.92933404,0.11327933,0
0.0032239677,3.5011067,0.110226825,0
2.8130326e-05,0.975988,0.23953177,0
8.2309416e-05,0.7175027,0.14774762,0
7.456921e-05,1.013217,0.07690895,0
3.980694e-05,1.1644348,0.120418265,0
0.00023498536,0.93811506,0.10301778,0
8.355541e-05,0.6836061,0.1342798,0
0.0067508463,0.08387956,0.5127698,0
0.032427456,0.034991194,0.3354268,0
0.00020980835,0.99164826,0.17253137,0
3.255833e-05,0.892922,0.13008134,0
8.219481e-05,0.7822056,0.075570345,0
0.0002022028,0.9557043,0.119984075,0
0.00017230511,0.99694693,0.0829962,0
0.00018825656,0.4381291,0.16174908,0
0.00017781257,1.009392,0.124286674,0
3.5103043e-05,1.288143,0.13655004,0
3.781976e-05,0.9470764,0.23209468,0
3.2561486e-05,1.1894116,0.10533896,0
0.000510117,7.809956,0.12779759,0
0.00011329914,1.9632344,0.16111238,0
4.4290824e-05,0.86555475,0.15722558,0
0.00015709401,1.021473,0.13627402,0
3.8158076e-05,1.5654756,0.14114809,0
0.00055761874,6.921878,0.3162273,0
0.00062286854,0.60252655,0.014105358,0
5.612293e-05,0.80740803,0.17046659,0
4.463853e-05,0.68304384,0.19841969,0
3.5306315e-05,0.84649837,0.16061309,0
0.00051642646,4.935309,0.1585717,0
0.0015118984,4.66286,0.16335328,0
3.7533133e-05,0.8220965,0.20468563,0
3.357351e-05,1.0028193,0.17641078,0
0.00019643307,0.97887796,0.09214574,0
0.00033405266,2.0955179,0.06172883,0
0.0001644373,1.0647488,0.20135035,1
0.00012968908,2.277236,0.08605835,0
2.1822976e-05,0.9439838,0.18614346,0
0.00018421936,0.6382623,0.30505666,0
0.00019853115,0.99423313,0.071052566,0
2.704115e-05,0.95267564,0.16737421,0
4.1806168e-05,0.96191734,0.35462373,0
0.003721647,0.16820194,0.17670265,0
0.00015158653,0.9837355,0.18286055,0
0.0002512455,1.1514791,0.12730573,0
0.0019997358,0.4257578,0.15415221,0
0.00015289783,1.0443708,0.07055257,0
0.031648804,0.031812295,0.08131493,0
3.6289737e-05,1.3097903,0.14441548,0
0.00026357174,0.97378016,0.22539486,0
0.00032547442,3.349906,0.2944719,0
5.6906327e-05,1.2817819,0.19371064,0
6.884649e-05,0.6557707,0.124466866,0
2.9866775e-05,0.7848959,0.2084596,0
3.0289775e-05,0.93674916,0.15663865,0
0.00055390666,4.628642,0.07317705,0
0.0047705886,0.13371438,1.1597617,0
3.473065e-05,1.204364,0.17799239,0
3.3911587e-05,1.5814891,0.22768842,0
0.00021111965,0.9518204,0.07944887,0
5.8172955e-05,0.82915443,0.081515044,0
1.576683e-05,0.9877359,0.2603921,0
0.007866502,0.13681109,1.2285123,0
3.4880904e-05,0.63672787,0.17734458,0
1.9159172e-05,1.0577344,0.27252257,0
9.886277e-05,0.5235999,0.34117395,0
5.8151018e-05,0.9599289,0.16286758,0
3.3170727e-05,0.74964,0.118677,0
0.00022342439,1.986622,0.26961815,0
0.0048536044,0.12776765,0.9610654,0
0.00017440319,0.98696005,0.09402692,0
4.6376073e-05,1.0274134,0.09281124,1
0.0009770915,0.2288701,0.11869999,0
3.2736396e-05,0.75360185,0.18408228,0
0.0007919035,6.8316936,0.14252755,0
0.027156807,1.1587131,0.22007306,0
3.754761e-05,0.9025097,0.185709,0
4.676243e-05,0.74506164,0.18640213,1
4.1919666e-05,0.9112955,0.16177218,0
0.00023314953,0.9497465,0.5361712,0
0.0004177809,0.7334491,0.0869134,0
5.7955367e-05,1.874508,0.101565205,1
0.0025267326,0.2620494,0.18819289,0
0.00028822423,0.90557045,0.28502685,0
